category,avg_trust_gap,std_trust_gap,avg_log_prob_visual,avg_log_prob_prior,prior_win_rate
environment,-2.0677734375,1.0082712126395168,-11.8341796875,-13.901953125,0.0
function,3.901171875,1.147670189312001,-15.9966796875,-12.0955078125,1.0
physics,-2.4433015108108522,1.0217467805694436,-12.92109375,-15.364395260810852,0.0
scale,1.72421875,0.7056212541710981,-14.3146484375,-12.5904296875,1.0
